code,name,focus
300328.SZ,宜安科技,0
300454.SZ,深信服,0
300033.SZ,同花顺,0
603063.SH,禾望电气,0
688361.SH,江化微,0
688318.SH,财富趋势,0
000960.SZ,锡业股份,0
688777.SH,中控技术,0
688825.SH,长鑫科技,0
300308.SZ,中际旭创,0
603986.SH,兆易创新,0
002353.SZ,杰瑞股份,0
688498.SH,源杰科技,0
688702.SH,盛科通信,0
002156.SZ,通富微电,0
600673.SH,东阳光,0
688256.SH,寒武纪,0
688041.SH,海光信息,0
688362.SH,甬矽电子,0
688012.SH,中微公司,0
002371.SZ,北方华创,0
000876.SZ,新希望,0
000063.SZ,中兴通讯,0
688082.SH,盛美上海,0
603225.SH,新凤鸣,0
601688.SH,华泰证券,0
000776.SZ,广发证券,0
601975.SH,招商南油,0
002971.SZ,和远气体,0
000725.SZ,京东方A,0
600489.SH,中金黄金,0
002156.SZ,通富微电,0
002436.SZ,兴森科技,0
688409.SH,富创精密,0
688820.SH,盛合晶微,0
002624.SZ,完美世界,0
600309.SH,万华化学,0
600105.SH,永鼎股份,0
300476.SZ,胜宏科技,0
000833.SZ,粤桂股份,0
688099.SH,晶晨股份,0
600111.SH,北方稀土,0
688503.SH,聚和材料,0
600285.SH,羚锐制药,0
603893.SH,瑞芯微,0
600346.SH,恒力石化,0
601777.SH,千里科技,0
688372.SH,伟测科技,0
603993.SH,洛阳钼业,0
688518.SH,联赢激光,0
600031.SH,三一重工,0
603816.SH,顾家家居,0
600988.SH,赤峰黄金,0
600547.SH,山东黄金,0
601857.SH,中国石油,0
600409.SH,三友化工,0
600176.SH,中国巨石,0
688521.SH,芯原股份,0
600233.SH,圆通速递,0
600115.SH,中国东航,0
601899.SH,紫金矿业,0
600426.SH,华鲁恒升,0
600989.SH,宝丰能源,0
600406.SH,国电南瑞,0
600498.SH,烽火通信,0
601698.SH,中国卫通,0
600118.SH,中国卫星,0
601021.SH,春秋航空,0
601111.SH,中国国航,0
600809.SH,山西汾酒,0
600519.SH,贵州茅台,0
603345.SH,安井食品,0
688629.SH,华丰科技,0
603766.SH,隆鑫通用,0
601100.SH,恒立液压,0
688008.SH,澜起科技,0
600030.SH,中信证券,0
688535.SH,华海诚科,0
688155.SH,先惠技术,0
688005.SH,容百科技,0
688361.SH,中科飞测,0
603920.SH,世运电路,0
601600.SH,中国铝业,0
600141.SH,兴发集团,0
600096.SH,云天化,0
688502.SH,茂莱光学,0
688235.SH,百济神州,0
600276.SH,恒瑞医药,0
603011.SH,合锻智能,0
603083.SH,剑桥科技,0
688195.SH,腾景科技,0
603119.SH,浙江荣泰,0
601689.SH,拓普集团,0
601088.SH,中国神华,0
601225.SH,陕西煤业,0
600863.SH,华能蒙电,0
600900.SH,长江电力,0
601919.SH,中远海控,0
601601.SH,中国太保,0
601318.SH,中国平安,0
600886.SH,国投电力,0
600674.SH,川投能源,0
600150.SH,中国船舶,0
600685.SH,中船防务,0
600660.SH,福耀玻璃,0
600089.SH,特变电工,0
603606.SH,东方电缆,0
600690.SH,海尔智家,0
601012.SH,隆基绿能,0
600438.SH,通威股份,0
688271.SH,联影医疗,0
301611.SZ,珂玛科技,0
300013.SZ,新宁物流,0
000062.SZ,深圳华强,0
002865.SZ,钧达股份,0
002946.SZ,新乳业,0
002025.SZ,航天电器,0
002594.SZ,比亚迪,0
300750.SZ,宁德时代,0
300274.SZ,阳光电源,0
000338.SZ,潍柴动力,0
002155.SZ,湖南黄金,0
002837.SZ,英维克,0
002916.SZ,深南电路,0
002463.SZ,沪电股份,0
002271.SZ,东方雨虹,0
000951.SZ,中国重汽,0
000792.SZ,盐湖股份,0
300450.SZ,先导智能,0
000807.SZ,云铝股份,0
000933.SZ,神火股份,0
002460.SZ,赣锋锂业,0
000426.SZ,兴业银锡,0
000988.SZ,华工科技,0
300394.SZ,天孚通信,0
300502.SZ,新易盛,0
002050.SZ,三花智控,0
002475.SZ,立讯精密,0
300136.SZ,信维通信,0
000333.SZ,美的集团,0
001286.SZ,陕西能源,0
000063.SZ,中兴通讯,0
000858.SZ,五粮液,0
000592.SZ,平潭发展,0
000963.SZ,华东医药,0
300003.SZ,乐普医疗,0
300904.SZ,威力传动,0
300760.SZ,迈瑞医疗,0
07709.HK,两倍做多海力士,0
01024.HK,快手-W,0
00992.HK,联想集团,0
01818.HK,招金矿业,0
01898.HK,中煤能源,0
01347.HK,华虹半导体,0
06198.HK,青岛港,0
00883.HK,中国海洋石油,0
01548.HK,金斯瑞生物科技,0
09926.HK,康方生物,0
01030.HK,新城发展,0
06160.HK,百济神州,0
09961.HK,携程集团-S,0
00921.HK,海信家电,0
02313.HK,申洲国际,0
00941.HK,中国移动,0
03899.HK,中集安瑞科,0
00316.HK,东方海外国际,0
01801.HK,信达生物,0
01797.HK,东方甄选,0
03933.HK,联邦制药,0
02128.HK,中国联塑,0
09858.HK,优然牧业,0
00700.HK,腾讯控股,0
06979.HK,珍酒李渡,0
00902.HK,华能国际电力股份,0
03808.HK,中国重汽,0
02057.HK,中通快递-W,0
01211.HK,比亚迪股份,0
03690.HK,美团-W,0
02525.HK,禾赛-W,0
00981.HK,中芯国际,0
02020.HK,安踏体育,0
09868.HK,小鹏集团-W,0
02097.HK,蜜雪集团,0
09992.HK,泡泡玛特,0
09988.HK,阿里巴巴-W,0
01928.HK,金沙中国有限公司,0
01810.HK,小米集团-W,0
02259.HK,紫金黄金国际,0
02333.HK,长城汽车,0
01378.HK,中国宏桥,0
02498.HK,速腾聚创,0
01164.HK,中广核矿业,0
03330.HK,灵宝黄金,0
